{
    "Forced Error": {
        "precision": 0.866715157927219,
        "recall": 0.6368657175712227,
        "f1-score": 0.7342221226379864,
        "support": 61743.0
    },
    "Unforced Error": {
        "precision": 0.6110158712602998,
        "recall": 0.8159904287845443,
        "f1-score": 0.6987819223617805,
        "support": 67703.0
    },
    "Winner": {
        "precision": 0.7810867984398757,
        "recall": 0.7070280944259941,
        "f1-score": 0.7422146143819589,
        "support": 66846.0
    },
    "accuracy": 0.7225409084425244,
    "macro avg": {
        "precision": 0.7529392758757982,
        "recall": 0.7199614135939204,
        "f1-score": 0.7250728864605752,
        "support": 196292.0
    },
    "weighted avg": {
        "precision": 0.7493618163570003,
        "recall": 0.7225409084425244,
        "f1-score": 0.7247202490202006,
        "support": 196292.0
    }
}